INSERT INTO building(building_id, street, city, postcode, capacity)
VALUES('1', '4 Mount Charles', 'Belfast', 'BT7 1JL','120'),
('2','78 Malone Road', 'Belfast', 'BT95BW','150'),
('3','14 Fitzwilliam Street', 'Belfast', 'BT96AW','78'),
('4','76 Malone Road', 'Belfast', 'BT95UB','30'),
('5','64 Malone Road', 'Belfast', 'BT95BT','50');

INSERT INTO emergency_contact(emergency_contact_id, emergency_contact_number, first_name, last_name)
VALUES ('2000','03069990978','Jen','Freeman'),
('2001','02890180538','Arthur','Davis'),
('2002','02890180270','Tracey','Collins'),
('2003','02890150475','Joe','Blogs'),
('2004','01184960326','James','Thake'),
('2005','02890180850','Henry','Hurst'),
('2006','02890180617','Philip','McKane'),
('2007','02890180389','Ivan','Black'),
('2008','01314960670','Mike','Brown'),
('2009','02079460338','Roger','Green'),
('2010','02890180363','David','Browne'),
('2011','02890180994','Jon','Jenkinson'),
('2012','02890180084','Miranda','Hamilton'),
('2013','01914980398','Ross','McNeill'),
('2014','02079460935','Lee','Beatty'),
('2015','01914980246','Sara','Doe'),
('2016','02890180474','Peter','Doe'),
('2017','02890180823','Juila','Devito'),
('2018','01174960329','Daniel','Baily'),
('2019','01184960391','Steven','Mac');

INSERT INTO skill(skill_id, skill_name)
VALUES ('200', 'carpentry'),
('201', 'plumbing'),
('202', 'electrical');

INSERT INTO lease(lease_id, contract, start_date, expected_duration, monthly_rent_apartment, is_signed, is_live)
VALUES ('100','test1','2019-09-11', '12', '250', '1', '1'),
('101','test2','2019-09-11', '9', '250', '1', '1'),
('102','test3','2019-09-11', '9', '250', '1', '1'),
('103','test4','2019-09-11', '12', '250', '1', '1'),
('104','test5','2018-09-11', '9', '250', '1', '0'),
('105','test6','2017-09-11', '10', '250', '1', '0'),
('106','test7','2017-09-11', '10', '250', '1', '0');

INSERT INTO person(person_id, first_name, last_name, emergency_contact_id)
VALUES ('1000', 'John', 'Freeman', '2000'),
('1001', 'Alan', 'Davis', '2001'),
('1002', 'Matthew', 'Collins', '2002'),
('1003', 'Richard', 'Gault', '2003'),
('1004', 'Alex', 'Thake', '2004'),
('1005', 'Dom', 'Hurst', '2005'),
('1006', 'Beth', 'McKane', '2006'),
('1007', 'Sarah', 'Black', '2007'),
('1008', 'Simon', 'Brown', '2008'),
('1009', 'Andrew', 'Newell', '2009'),
('1010', 'Conor', 'Browne', '2010'),
('1011', 'George', 'Jenkinson', '2011'),
('1012', 'David', 'Hamilton', '2012'),
('1013', 'Adam', 'McNeill', '2013'),
('1014', 'Joshua', 'Beatty', '2014'),
('1015', 'John', 'Doe', '2015'),
('1016', 'Jane', 'Doe', '2015'),
('1017', 'Danny', 'Devito', '2016'),
('1018', 'Bill', 'Baily', '2017'),
('1019', 'Deepak', 'Padmanabhan', '2018');

INSERT INTO tenant(person_id, bank_account_num)
VALUES ('1000','91567475'),
('1001','83725689'),
('1002','23456892'),
('1003','76894578'),
('1004','92745682'),
('1005','68295919'),
('1006','17857238'),
('1007','58287289'),
('1008','56835667'),
('1009','57231385'),
('1010','79375839'),
('1011','56736838'),
('1012','58238677'),
('1013','92741742'),
('1014','68296783'),
('1015','58235721'),
('1016','18692348'),
('1017','16928967'),
('1018','86916831'),
('1019','78677341');

INSERT INTO employee(person_id, monthly_salary)
VALUES ('1002','1200.00'),
('1003','1050.00'),
('1011','1000.00'),
('1015','1050.00'),
('1019','1320.00');

INSERT INTO manager(person_id, office_apartment_number, office_building_id)
VALUES ('1002', '120','300'),
('1019', '78','301');

INSERT INTO technician(person_id)
VALUES('1003'),
('1011'),
('1015'),
('1019');

INSERT INTO apartment(building_id, apartment_number, number_of_bedroom, number_of_bathroom, total_area, person_id)
 VALUES ('1','101','2', '2', '250', '1002'),
('1','102', '2', '2', '250', '1002'),
('1','103', '4', '4', '300', '1002'),
('1','104', '6', '6', '350', '1002'),
('1','105', '2', '2', '250', '1002'),
('2','1', '2', '2', '175', '1002'),
('2','2', '3', '3', '180', '1002'),
('2','3', '4', '4', '200', '1002'),
('2','4', '2', '2', '175', '1002'),
('2','5', '1', '1', '150', '1002'),
('3','250', '1', '1', '150', '1002'),
('3','251', '2', '2', '175', '1002'),
('3','253', '1', '1', '175', '1002'),
('3','254', '3', '3', '200', '1019'),
('3','255', '1', '1', '150', '1019'),
('4','90', '2', '2', '200', '1019'),
('4','92', '4', '4', '250', '1019'),
('4','93', '4', '4', '250', '1019'),
('4','94', '2', '2', '200', '1019'),
('4','98', '4', '4', '250', '1019'),
('5','56', '1', '1', '150', '1019'),
('5','57', '5', '5', '300', '1019'),
('5','58', '4', '4', '220', '1019'),
('5','59', '2', '2', '180', '1019'),
('5','60', '1', '1', '150', '1019');


INSERT INTO technician_skill(person_id, skill_id)
VALUES ('1003','200'),
('1011','201'),
('1015','200'),
('1019','202'),
('1019','200');

INSERT INTO apartment_lease(apartment_number, lease_id, building_id)
VALUES('105', '100', '1'),
('1', '101', '2'),
('2', '102', '2'),
('250', '103', '3'),
('90', '104', '4'),
('2', '105', '2'),
('3', '106', '2');

INSERT INTO manager_lease(person_id, lease_id)
VALUES ('1002', '100'),
('1002', '101'),
('1002', '102'),
('1019', '103'),
('1019', '104');

INSERT INTO tenant_lease(person_id, lease_id)
VALUES('1000', '100'),
('1001', '100'),
('1002', '100'),
('1003', '100'),
('1004', '100'),
('1005', '101'),
('1006', '101'),
('1007', '101'),
('1008', '101'),
('1009', '101'),
('1010', '102'),
('1011', '102'),
('1012', '102'),
('1013', '102'),
('1014', '103'),
('1015', '103'),
('1016', '103'),
('1017', '104'),
('1018', '104'),
('1019', '104');